INSERT INTO CUSTOMER(ID, NAME, SURNAME, EMAIL, ADDRESS, CREATED_DATE, LAST_MODIFIED_DATE) VALUES (100001, 'John', 'Williams', 'jwilliams@gmail.com', 'address 1', '2022-10-01 08:00:00', null);
INSERT INTO CUSTOMER(ID, NAME, SURNAME, EMAIL, ADDRESS, CREATED_DATE, LAST_MODIFIED_DATE) VALUES (100002, 'Hans', 'Zimmer', 'hzimmer@gmail.com', 'address 2', '2022-10-01 08:00:00', null);
INSERT INTO CUSTOMER(ID, NAME, SURNAME, EMAIL, ADDRESS, CREATED_DATE, LAST_MODIFIED_DATE) VALUES (100003, 'Client', 'Mansell', 'cmansell@gmail.com', 'address 3', '2022-10-01 08:00:00', null);
INSERT INTO CUSTOMER(ID, NAME, SURNAME, EMAIL, ADDRESS, CREATED_DATE, LAST_MODIFIED_DATE) VALUES (100004, 'Jack', 'Wall', 'jwall@gmail.com', 'address 4', '2022-10-01 08:00:00', null);
INSERT INTO CUSTOMER(ID, NAME, SURNAME, EMAIL, ADDRESS, CREATED_DATE, LAST_MODIFIED_DATE) VALUES (100005, 'Jesper', 'Kyd', 'jkyd@gmail.com', 'address 5', '2022-10-01 08:00:00', null);

INSERT INTO VEHICLE(ID, DRIVER_NAME, LICENCE_PLATE, CREATED_DATE, LAST_MODIFIED_DATE) VALUES (100001, 'Lebron James', '06LJ001', '2022-10-01 08:00:00', null);
INSERT INTO VEHICLE(ID, DRIVER_NAME, LICENCE_PLATE, CREATED_DATE, LAST_MODIFIED_DATE) VALUES (100002, 'Kobe Bryant', '06KB001', '2022-10-01 08:00:00', null);
INSERT INTO VEHICLE(ID, DRIVER_NAME, LICENCE_PLATE, CREATED_DATE, LAST_MODIFIED_DATE) VALUES (100003, 'Tracy Mcgrady', '06TM001', '2022-10-01 08:00:00', null);
INSERT INTO VEHICLE(ID, DRIVER_NAME, LICENCE_PLATE, CREATED_DATE, LAST_MODIFIED_DATE) VALUES (100004, 'Kevin Durant', '06KD001', '2022-10-01 08:00:00', null);
INSERT INTO VEHICLE(ID, DRIVER_NAME, LICENCE_PLATE, CREATED_DATE, LAST_MODIFIED_DATE) VALUES (100005, 'Allen Iverson', '06AV001', '2022-10-01 08:00:00', null);

INSERT INTO STAFF(ID, NAME, SURNAME, AGE, GENDER, VEHICLE_ID, CREATED_DATE, LAST_MODIFIED_DATE) VALUES (100001, 'Staff1', 'Surname1', 22, 'FEMALE', 100001, '2022-10-01 08:00:00', null);
INSERT INTO STAFF(ID, NAME, SURNAME, AGE, GENDER, VEHICLE_ID, CREATED_DATE, LAST_MODIFIED_DATE) VALUES (100002, 'Staff2', 'Surname2', 23, 'FEMALE', 100001, '2022-10-01 08:00:00', null);
INSERT INTO STAFF(ID, NAME, SURNAME, AGE, GENDER, VEHICLE_ID, CREATED_DATE, LAST_MODIFIED_DATE) VALUES (100003, 'Staff3', 'Surname3', 24, 'FEMALE', 100001, '2022-10-01 08:00:00', null);
INSERT INTO STAFF(ID, NAME, SURNAME, AGE, GENDER, VEHICLE_ID, CREATED_DATE, LAST_MODIFIED_DATE) VALUES (100004, 'Staff4', 'Surname4', 25, 'FEMALE', 100001, '2022-10-01 08:00:00', null);
INSERT INTO STAFF(ID, NAME, SURNAME, AGE, GENDER, VEHICLE_ID, CREATED_DATE, LAST_MODIFIED_DATE) VALUES (100005, 'Staff5', 'Surname5', 22, 'FEMALE', 100001, '2022-10-01 08:00:00', null);
INSERT INTO STAFF(ID, NAME, SURNAME, AGE, GENDER, VEHICLE_ID, CREATED_DATE, LAST_MODIFIED_DATE) VALUES (100006, 'Staff6', 'Surname6', 23, 'FEMALE', 100002, '2022-10-01 08:00:00', null);
INSERT INTO STAFF(ID, NAME, SURNAME, AGE, GENDER, VEHICLE_ID, CREATED_DATE, LAST_MODIFIED_DATE) VALUES (100007, 'Staff7', 'Surname7', 24, 'FEMALE', 100002, '2022-10-01 08:00:00', null);
INSERT INTO STAFF(ID, NAME, SURNAME, AGE, GENDER, VEHICLE_ID, CREATED_DATE, LAST_MODIFIED_DATE) VALUES (100008, 'Staff8', 'Surname8', 25, 'FEMALE', 100002, '2022-10-01 08:00:00', null);
INSERT INTO STAFF(ID, NAME, SURNAME, AGE, GENDER, VEHICLE_ID, CREATED_DATE, LAST_MODIFIED_DATE) VALUES (100009, 'Staff9', 'Surname9', 22, 'FEMALE', 100002, '2022-10-01 08:00:00', null);
INSERT INTO STAFF(ID, NAME, SURNAME, AGE, GENDER, VEHICLE_ID, CREATED_DATE, LAST_MODIFIED_DATE) VALUES (100010, 'Staff10', 'Surname10', 23, 'FEMALE', 100002, '2022-10-01 08:00:00', null);
INSERT INTO STAFF(ID, NAME, SURNAME, AGE, GENDER, VEHICLE_ID, CREATED_DATE, LAST_MODIFIED_DATE) VALUES (100011, 'Staff11', 'Surname11', 24, 'FEMALE', 100003, '2022-10-01 08:00:00', null);
INSERT INTO STAFF(ID, NAME, SURNAME, AGE, GENDER, VEHICLE_ID, CREATED_DATE, LAST_MODIFIED_DATE) VALUES (100012, 'Staff12', 'Surname12', 25, 'FEMALE', 100003, '2022-10-01 08:00:00', null);
INSERT INTO STAFF(ID, NAME, SURNAME, AGE, GENDER, VEHICLE_ID, CREATED_DATE, LAST_MODIFIED_DATE) VALUES (100013, 'Staff13', 'Surname13', 27, 'FEMALE', 100003, '2022-10-01 08:00:00', null);
INSERT INTO STAFF(ID, NAME, SURNAME, AGE, GENDER, VEHICLE_ID, CREATED_DATE, LAST_MODIFIED_DATE) VALUES (100014, 'Staff14', 'Surname14', 28, 'FEMALE', 100003, '2022-10-01 08:00:00', null);
INSERT INTO STAFF(ID, NAME, SURNAME, AGE, GENDER, VEHICLE_ID, CREATED_DATE, LAST_MODIFIED_DATE) VALUES (100015, 'Staff15', 'Surname15', 30, 'FEMALE', 100003, '2022-10-01 08:00:00', null);
INSERT INTO STAFF(ID, NAME, SURNAME, AGE, GENDER, VEHICLE_ID, CREATED_DATE, LAST_MODIFIED_DATE) VALUES (100016, 'Staff16', 'Surname16', 29, 'FEMALE', 100004, '2022-10-01 08:00:00', null);
INSERT INTO STAFF(ID, NAME, SURNAME, AGE, GENDER, VEHICLE_ID, CREATED_DATE, LAST_MODIFIED_DATE) VALUES (100017, 'Staff17', 'Surname17', 22, 'FEMALE', 100004, '2022-10-01 08:00:00', null);
INSERT INTO STAFF(ID, NAME, SURNAME, AGE, GENDER, VEHICLE_ID, CREATED_DATE, LAST_MODIFIED_DATE) VALUES (100018, 'Staff18', 'Surname18', 23, 'FEMALE', 100004, '2022-10-01 08:00:00', null);
INSERT INTO STAFF(ID, NAME, SURNAME, AGE, GENDER, VEHICLE_ID, CREATED_DATE, LAST_MODIFIED_DATE) VALUES (100019, 'Staff19', 'Surname19', 24, 'FEMALE', 100004, '2022-10-01 08:00:00', null);
INSERT INTO STAFF(ID, NAME, SURNAME, AGE, GENDER, VEHICLE_ID, CREATED_DATE, LAST_MODIFIED_DATE) VALUES (100020, 'Staff20', 'Surname20', 25, 'FEMALE', 100004, '2022-10-01 08:00:00', null);
INSERT INTO STAFF(ID, NAME, SURNAME, AGE, GENDER, VEHICLE_ID, CREATED_DATE, LAST_MODIFIED_DATE) VALUES (100021, 'Staff21', 'Surname21', 27, 'FEMALE', 100005, '2022-10-01 08:00:00', null);
INSERT INTO STAFF(ID, NAME, SURNAME, AGE, GENDER, VEHICLE_ID, CREATED_DATE, LAST_MODIFIED_DATE) VALUES (100022, 'Staff22', 'Surname22', 21, 'FEMALE', 100005, '2022-10-01 08:00:00', null);
INSERT INTO STAFF(ID, NAME, SURNAME, AGE, GENDER, VEHICLE_ID, CREATED_DATE, LAST_MODIFIED_DATE) VALUES (100023, 'Staff23', 'Surname23', 23, 'FEMALE', 100005, '2022-10-01 08:00:00', null);
INSERT INTO STAFF(ID, NAME, SURNAME, AGE, GENDER, VEHICLE_ID, CREATED_DATE, LAST_MODIFIED_DATE) VALUES (100024, 'Staff24', 'Surname24', 26, 'FEMALE', 100005, '2022-10-01 08:00:00', null);
INSERT INTO STAFF(ID, NAME, SURNAME, AGE, GENDER, VEHICLE_ID, CREATED_DATE, LAST_MODIFIED_DATE) VALUES (100025, 'Staff25', 'Surname25', 27, 'FEMALE', 100005, '2022-10-01 08:00:00', null);

INSERT INTO BOOKING(ID, STAFF_ID, CUSTOMER_ID, BOOKING_DATE, START_TIME, END_TIME, CREATED_DATE, LAST_MODIFIED_DATE) VALUES (100001, 100001, 100001, '2022-11-01', '12:00:00', '13:00:00', '2022-10-01 08:00:00', null);
INSERT INTO BOOKING(ID, STAFF_ID, CUSTOMER_ID, BOOKING_DATE, START_TIME, END_TIME, CREATED_DATE, LAST_MODIFIED_DATE) VALUES (100002, 100001, 100001, '2022-11-01', '13:00:00', '14:00:00', '2022-10-01 08:00:00', null);
INSERT INTO BOOKING(ID, STAFF_ID, CUSTOMER_ID, BOOKING_DATE, START_TIME, END_TIME, CREATED_DATE, LAST_MODIFIED_DATE) VALUES (100003, 100001, 100001, '2022-11-01', '14:00:00', '15:00:00', '2022-10-01 08:00:00', null);
INSERT INTO BOOKING(ID, STAFF_ID, CUSTOMER_ID, BOOKING_DATE, START_TIME, END_TIME, CREATED_DATE, LAST_MODIFIED_DATE) VALUES (100004, 100001, null, '2022-11-01', '15:00:00', '16:00:00', '2022-10-01 08:00:00', null);
INSERT INTO BOOKING(ID, STAFF_ID, CUSTOMER_ID, BOOKING_DATE, START_TIME, END_TIME, CREATED_DATE, LAST_MODIFIED_DATE) VALUES (100005, 100001, null, '2022-10-30', '12:00:00', '13:00:00', '2022-10-01 08:00:00', null);
INSERT INTO BOOKING(ID, STAFF_ID, CUSTOMER_ID, BOOKING_DATE, START_TIME, END_TIME, CREATED_DATE, LAST_MODIFIED_DATE) VALUES (100006, 100001, null, '2022-10-30', '13:00:00', '14:00:00', '2022-10-01 08:00:00', null);
INSERT INTO BOOKING(ID, STAFF_ID, CUSTOMER_ID, BOOKING_DATE, START_TIME, END_TIME, CREATED_DATE, LAST_MODIFIED_DATE) VALUES (100007, 100001, null, '2022-10-30', '14:00:00', '15:00:00', '2022-10-01 08:00:00', null);
INSERT INTO BOOKING(ID, STAFF_ID, CUSTOMER_ID, BOOKING_DATE, START_TIME, END_TIME, CREATED_DATE, LAST_MODIFIED_DATE) VALUES (100008, 100001, 100001, '2022-10-30', '08:00:00', '09:00:00', '2022-10-01 08:00:00', null);
INSERT INTO BOOKING(ID, STAFF_ID, CUSTOMER_ID, BOOKING_DATE, START_TIME, END_TIME, CREATED_DATE, LAST_MODIFIED_DATE) VALUES (100009, 100001, 100001, '2022-10-30', '09:00:00', '10:00:00', '2022-10-01 08:00:00', null);
INSERT INTO BOOKING(ID, STAFF_ID, CUSTOMER_ID, BOOKING_DATE, START_TIME, END_TIME, CREATED_DATE, LAST_MODIFIED_DATE) VALUES (100010, 100001, 100001, '2022-10-30', '10:00:00', '11:00:00', '2022-10-01 08:00:00', null);
INSERT INTO BOOKING(ID, STAFF_ID, CUSTOMER_ID, BOOKING_DATE, START_TIME, END_TIME, CREATED_DATE, LAST_MODIFIED_DATE) VALUES (100011, 100001, null, '2022-10-30', '11:00:00', '12:00:00', '2022-10-01 08:00:00', null);